template1,11223344,5000
template2,33445566,10000
template3,33445566,10000
template1,11223344,5000
template2,33445566,10000
template3,33445566,10000
template1,11223344,5000
template2,33445566,10000
template3,33445566,10000
template1,11223344,5000
template2,33445566,10000
template3,33445566,10000
template1,11223344,5000
template2,33445566,10000
template3,33445566,10000
template1,11223344,5000
template2,33445566,10000
template3,33445566,10000
template1,11223344,5000
template2,33445566,10000
template3,33445566,10000
template1,11223344,5000
template2,33445566,10000
template3,33445566,10000
template1,11223344,5000
template2,33445566,10000
template3,33445566,10000
template1,11223344,5000
template2,33445566,10000
template3,33445566,10000
template1,11223344,5000
template2,33445566,10000
template3,33445566,10000
template1,11223344,5000
template2,33445566,10000
template3,33445566,10000
template1,11223344,5000
template2,33445566,10000
template3,33445566,10000
